,Type,Year Built,Parking Spaces,Area population,Median age,Total households,Median year built,Median household income,Bedrooms,Baths,Square Meters,Lot size (acres),Price
0,Residential,1987,2,73401,31.00,22240,1976,53254,3.0,2.0,117.24,0.13,225000
1,Residential,2021,3,28590,34.40,8934,2002,108767,4.0,3.0,,0.28,519900
2,Residential,1998,2,45763,34.30,14551,1998,95293,4.0,4.0,337.98,0.31,675000
3,Residential,2005,3,28590,34.40,8934,2002,108767,4.0,3.0,312.89,0.39,675000
4,Residential,1935,2,59378,31.80,21718,1976,50742,4.0,3.0,312.43,1.34,500000
5,Residential,2014,3,28590,34.40,8934,2002,108767,4.0,3.0,235.51,0.25,425000
6,Residential,1992,2,60238,33.80,19560,2000,97311,3.0,3.0,156.91,0.12,315000
7,Residential,1956,1,59378,31.80,21718,1976,50742,3.0,1.0,,0.14,179000
8,Residential,2003,2,73401,31.00,22240,1976,53254,7.0,5.0,380.81,0.17,471900
9,Residential,2006,3,60238,33.80,19560,2000,97311,4.0,3.0,276.2,0.31,599999
10,Residential,1956,2,38725,27.10,10844,1958,31454,3.0,2.0,117.43,0.14,215000
11,Residential,2002,2,53702,34.60,19454,1976,43659,3.0,2.0,204.66,0.16,350000
12,Residential,1964,3,36964,40.70,16647,1968,127658,5.0,4.0,337.89,0.188,2695000
13,Residential,1990,2,8993,49.00,3276,1970,210833,3.0,3.0,227.8,0.171,1799995
14,Residential,2008,2,8993,49.00,3276,1970,210833,3.0,4.0,357.67,0.743,5295000
15,Residential,1962,10,36964,40.70,16647,1968,127658,6.0,11.0,1633.5,1.251,3900000
16,Residential,1964,2,36964,40.70,16647,1968,127658,4.0,3.0,280.1,0.415,3495000
17,Residential,1953,2,8993,49.00,3276,1970,210833,3.0,3.0,218.69,0.326,2400000
18,Residential,2009,8,8993,49.00,3276,1970,210833,8.0,12.0,1545.34,0.569,13995000
19,Residential,1982,6,36964,40.70,16647,1968,127658,7.0,9.0,829.71,1.591,7495000
20,Residential,1961,6,8993,49.00,3276,1970,210833,5.0,6.0,675.21,0.584,10375000
21,Residential,2018,12,8993,49.00,3276,1970,210833,5.0,9.0,1341.32,0.97,33750000
22,Residential,2003,8,8993,49.00,3276,1970,210833,4.0,5.0,506.22,0.62,5950000
23,Residential,1952,4,8993,49.00,3276,1970,210833,4.0,3.0,288.55,0.346,2995000
24,Residential,1975,2,8993,49.00,3276,1970,210833,2.0,2.0,124.77,2.986,895000
25,Residential,2013,10,8993,49.00,3276,1970,210833,8.0,15.0,1606.93,,23750000
26,Residential,1974,10,36964,40.70,16647,1968,127658,5.0,6.0,411.19,0.697,3875000
27,Residential,1953,2,8993,49.00,3276,1970,210833,3.0,3.0,214.88,0.309,2100000
28,Residential,2007,2,8993,49.00,3276,1970,210833,5.0,8.0,492.29,,3888000
29,Residential,1935,9,8993,49.00,3276,1970,210833,5.0,5.0,372.63,0.451,4950000
30,Residential,1987,6,19909,48.10,8036,1962,143542,7.0,8.0,708.19,0.334,10895000
31,Residential,1930,4,19909,48.10,8036,1962,143542,7.0,9.0,962.47,0.532,17800000
32,Residential,2008,3,7969,41.70,3805,1952,82212,6.0,7.0,611.11,0.149,4599000
33,Residential,1938,2,19909,48.10,8036,1962,143542,4.0,4.0,254.27,0.347,3995000
34,Residential,2015,6,19909,48.10,8036,1962,143542,7.0,9.0,743.22,,16000000
35,Residential,1931,3,13156,42.40,5934,1945,93846,4.0,3.0,300.35,0.138,2995000
36,Residential,1975,2,13156,42.40,5934,1945,93846,2.0,3.0,219.71,1.259,2689000
37,Residential,1985,3,13156,42.40,5934,1945,93846,2.0,3.0,168.15,0.744,1299000
38,Residential,2015,3,13156,42.40,5934,1945,93846,4.0,5.0,297.47,,2790000
39,Residential,1954,4,19909,48.10,8036,1962,143542,6.0,8.0,591.32,0.899,15495000
40,Residential,2017,10,19909,48.10,8036,1962,143542,5.0,7.0,836.12,0.327,17999000
41,Residential,1964,2,19909,48.10,8036,1962,143542,2.0,2.0,107.4,0.217,785000
42,Residential,1975,2,13156,42.40,5934,1945,93846,2.0,3.0,215.53,1.259,1999000
43,Residential,1924,4,7969,41.70,3805,1952,82212,3.0,3.0,209.03,0.138,2495000
44,MultiFamily,1955,6,13156,42.40,5934,1945,93846,,,,0.139,3995000
45,Residential,2020,4,7969,41.70,3805,1952,82212,6.0,7.0,550.63,0.138,5997000
46,Residential,1938,2,7969,41.70,3805,1952,82212,4.0,5.0,264.77,,2995000
47,Residential,1988,4,53072,33.10,14756,2002,96617,2.0,2.0,94.02,0.1,575000
48,Residential,2006,5,31740,32.70,8255,2003,112083,4.0,4.0,272.02,0.13,820000
49,Residential,2011,2,31740,32.70,8255,2003,112083,3.0,3.0,160.26,14.198,600000
50,Residential,2004,3,53072,33.10,14756,2002,96617,3.0,3.0,139.35,1.89,539900
51,Residential,2005,5,31740,32.70,8255,2003,112083,4.0,4.0,222.97,,749000
52,Residential,1987,2,74297,37.60,24999,1972,61922,2.0,2.0,104.52,,369900
53,Residential,1973,2,74297,37.60,24999,1972,61922,3.0,2.0,102.19,,95000
54,Residential,2003,2,53072,33.10,14756,2002,96617,3.0,3.0,163.14,0.07,639900
55,Residential,2015,2,53072,33.10,14756,2002,96617,3.0,4.0,179.12,,519000
56,Residential,1959,6,85365,34.60,24928,1970,58598,3.0,2.0,171.96,,625000
57,Residential,1991,2,74297,37.60,24999,1972,61922,4.0,3.0,207.64,0.126,725000
58,Residential,1993,4,31740,32.70,8255,2003,112083,3.0,3.0,148.64,2.91,565000
59,Residential,1948,1,6402,51.80,2810,1971,97976,2.0,2.0,83.98,0.146,4800000
60,Residential,2004,4,26744,48.20,11439,1979,100243,4.0,5.0,432.27,0.201,3099900
61,Residential,1982,4,26744,48.20,11439,1979,100243,6.0,5.0,603.86,,5500000
62,Residential,1955,2,26744,48.20,11439,1979,100243,2.0,2.0,74.32,0.061,1078000
63,Residential,1978,2,26744,48.20,11439,1979,100243,4.0,3.0,231.88,0.145,1399000
64,Residential,1977,2,6402,51.80,2810,1971,97976,3.0,3.0,155.43,,799000
65,Residential,1970,5,6402,51.80,2810,1971,97976,4.0,4.0,219.99,0.143,1499000
66,Residential,1982,1,26744,48.20,11439,1979,100243,2.0,2.0,93.83,,725000
67,Residential,1977,3,26744,48.20,11439,1979,100243,5.0,5.0,348.66,0.208,2295000
68,Residential,2019,2,6402,51.80,2810,1971,97976,3.0,2.0,145.48,,178888
69,MultiFamily,1956,2,6402,51.80,2810,1971,97976,2.0,2.0,,0.14,1499000
70,Residential,1977,2,26744,48.20,11439,1979,100243,2.0,2.0,84.54,,580000
71,Residential,1964,4,26744,48.20,11439,1979,100243,3.0,3.0,230.86,0.283,5500000
72,Residential,1971,2,26744,48.20,11439,1979,100243,2.0,2.0,139.35,0.092,3895000
73,Residential,1989,2,26744,48.20,11439,1979,100243,3.0,4.0,314.1,0.342,2245000
74,Residential,1964,4,26744,48.20,11439,1979,100243,4.0,3.0,188.13,0.157,1199000
75,Residential,1974,1,26744,48.20,11439,1979,100243,2.0,2.0,83.61,,550000
76,Residential,1997,2,26744,48.20,11439,1979,100243,3.0,3.0,213.02,0.094,1295000
77,Residential,1986,2,26744,48.20,11439,1979,100243,3.0,3.0,181.62,0.096,1198000
78,Residential,2001,2,6402,51.80,2810,1971,97976,4.0,4.0,374.02,0.168,1799900
79,Residential,1972,3,26744,48.20,11439,1979,100243,4.0,3.0,219.99,0.356,2080000
80,Residential,1955,2,29294,35.90,11302,1960,56769,3.0,3.0,135.54,0.22,350000
81,Residential,2015,2,82920,30.20,24224,1980,54491,4.0,2.0,227.33,0.24,399900
82,Residential,1968,1,40936,28.70,11087,1967,30433,5.0,2.0,125.6,0.14,175000
83,Residential,1967,2,29294,35.90,11302,1960,56769,4.0,3.0,249.35,0.79,725000
84,Residential,2001,2,83179,30.90,24718,1993,56028,5.0,3.0,192.03,0.14,389900
85,Residential,1986,2,47270,37.50,17979,1993,84614,3.0,3.0,231.05,0.23,475000
86,Residential,1976,1,82920,30.20,24224,1980,54491,3.0,2.0,119.29,0.21,294990
87,Residential,2004,3,47270,37.50,17979,1993,84614,4.0,3.0,218.13,0.19,469900
88,Residential,1998,3,47270,37.50,17979,1993,84614,4.0,3.0,282.14,0.18,479950
89,Residential,2007,2,13189,35.10,3836,2002,82708,4.0,2.0,182.83,0.15,329900
90,Residential,1987,2,47270,37.50,17979,1993,84614,3.0,2.0,164.72,0.18,357500
91,Residential,1983,1,16382,29.90,5781,1946,34667,3.0,2.0,103.21,0.04,199900
92,Residential,2004,5,30744,41.60,11751,2003,67739,4.0,3.0,188.22,,425000
93,Residential,2019,6,65347,37.60,22942,1988,42757,3.0,4.0,222.78,,729000
94,Residential,2009,6,30744,41.60,11751,2003,67739,3.0,2.0,191.94,,387500
95,Residential,1987,2,30744,41.60,11751,2003,67739,2.0,3.0,188.68,,455000
96,Residential,2007,4,30744,41.60,11751,2003,67739,2.0,2.0,172.24,,359000
97,Residential,1965,2,65347,37.60,22942,1988,42757,3.0,2.0,152.55,,319000
98,Residential,2018,2,65347,37.60,22942,1988,42757,3.0,3.0,200.3,,419500
99,Residential,2002,4,65347,37.60,22942,1988,42757,3.0,2.0,162.58,,379000
100,Residential,2007,6,65347,37.60,22942,1988,42757,3.0,3.0,156.35,,389000
101,Residential,2017,2,30744,41.60,11751,2003,67739,3.0,3.0,168.06,,625000
102,Residential,1980,5,65347,37.60,22942,1988,42757,3.0,2.0,150.22,,349000
103,Residential,2005,4,30744,41.60,11751,2003,67739,2.0,2.0,118.54,,299000
104,Residential,2005,2,65347,37.60,22942,1988,42757,6.0,6.0,405.15,,949900
105,Residential,2017,3,30744,41.60,11751,2003,67739,4.0,3.0,203.55,0.2,427888
106,Residential,2004,2,65347,37.60,22942,1988,42757,3.0,3.0,184.41,0.11,369000
107,Residential,2014,4,65347,37.60,22942,1988,42757,2.0,2.0,133.5,0.12,399999
108,Residential,1992,1,30744,41.60,11751,2003,67739,1.0,1.0,37.16,,69500
109,Residential,1964,2,83782,30.20,17109,1968,61698,3.0,2.0,106.84,,530000
110,Residential,2012,2,50545,42.80,16559,1979,123737,4.0,3.0,232.26,0.115,998888
111,Residential,2018,2,28423,35.00,12088,1978,65846,4.0,4.0,279.45,0.221,1000000
112,Residential,1975,2,20667,41.20,7417,1993,124466,3.0,2.0,149.48,0.167,795000
113,Residential,1958,2,69502,36.80,21332,1966,79500,3.0,2.0,142.98,0.138,650000
114,Residential,2002,3,40368,47.10,15243,1998,81193,2.0,2.0,188.22,,699999
115,Residential,2006,2,40368,47.10,15243,1998,81193,3.0,4.0,212.19,,429000
116,Residential,2005,6,40368,47.10,15243,1998,81193,4.0,3.0,405.33,,1225000
117,Residential,1990,3,40368,47.10,15243,1998,81193,4.0,3.0,213.21,,750000
118,Residential,2004,4,40368,47.10,15243,1998,81193,5.0,4.0,283.35,,659900
119,Residential,2007,2,40368,47.10,15243,1998,81193,3.0,2.0,171.4,,549000
120,Residential,1989,1,40368,47.10,15243,1998,81193,2.0,2.0,84.73,0.08,253000
121,Residential,1990,2,40368,47.10,15243,1998,81193,2.0,2.0,123.56,,410000
122,Residential,2007,3,40368,47.10,15243,1998,81193,3.0,4.0,253.07,,775000
123,Residential,2005,8,40368,47.10,15243,1998,81193,4.0,4.0,288.46,,625000
124,Residential,1985,4,40368,47.10,15243,1998,81193,2.0,2.0,123.56,,445000
125,Residential,2015,6,40368,47.10,15243,1998,81193,4.0,5.0,325.44,,1095000
126,Residential,2010,4,40368,47.10,15243,1998,81193,5.0,7.0,672.89,,4950000
127,Residential,2001,2,40368,47.10,15243,1998,81193,4.0,5.0,362.32,,1257000
128,Residential,1973,2,40368,47.10,15243,1998,81193,2.0,2.0,144.18,,287500
129,Residential,2001,4,40368,47.10,15243,1998,81193,4.0,3.0,186.55,,450000
130,Residential,1999,3,40368,47.10,15243,1998,81193,4.0,5.0,386.57,0.34,1350000
131,Residential,1982,2,40368,47.10,15243,1998,81193,3.0,2.0,147.81,,449000
132,Residential,2005,5,40368,47.10,15243,1998,81193,5.0,6.0,399.11,,938000
133,Residential,2000,2,40368,47.10,15243,1998,81193,3.0,2.0,162.76,0.12,449900
134,Residential,2007,2,39453,36.00,20749,1963,53358,2.0,2.0,154.22,0.768,849999
135,Residential,2019,2,39344,31.90,15066,1965,49860,4.0,3.0,187.11,0.055,860000
136,Residential,1949,2,38860,43.00,13967,1955,109918,3.0,2.0,114.08,0.131,774999
137,Residential,1932,2,32389,44.30,16947,1960,87870,4.0,4.0,240.06,0.054,1495000
138,Residential,1959,1,32389,44.30,16947,1960,87870,1.0,1.0,77.2,0.309,379900
139,Residential,1948,2,42817,33.00,12821,1952,49962,3.0,2.0,140.75,0.145,694900
140,Residential,1991,2,39453,36.00,20749,1963,53358,2.0,2.0,84.17,1.247,435000
141,MultiFamily,1951,1,77529,34.10,23517,1962,55729,2.0,1.0,,0.13,674913
142,Residential,1971,4,96708,30.90,27034,1959,49370,7.0,4.0,289.39,0.203,1200000
143,Residential,1906,2,39453,36.00,20749,1963,53358,3.0,2.0,187.29,0.121,850000
144,Residential,1973,2,32067,41.40,12644,1954,77488,2.0,2.0,87.14,1.916,365000
145,Residential,1973,2,41026,37.80,14459,1956,88710,2.0,3.0,168.71,0.027,669500
146,Residential,1975,2,39453,36.00,20749,1963,53358,2.0,2.0,93.65,1.019,849000
147,Residential,1954,2,41026,37.80,14459,1956,88710,4.0,3.0,204.94,0.143,935000
148,Residential,1943,2,38860,43.00,13967,1955,109918,5.0,3.0,207.54,0.182,899000
149,Residential,1949,2,38579,33.30,9334,1954,58095,2.0,1.0,78.6,0.118,559900
150,Residential,1925,1,39453,36.00,20749,1963,53358,1.0,1.0,40.69,0.516,289000
151,Residential,1950,2,38860,43.00,13967,1955,109918,3.0,1.0,98.57,0.13,715000
152,MultiFamily,1923,4,59000,29.10,17148,1959,36075,,,,0.172,2795000
153,Residential,1953,2,41026,37.80,14459,1956,88710,3.0,1.0,97.64,0.136,795000
154,Residential,1909,3,34422,34.60,9905,0,44835,3.0,2.0,89.56,0.15,759000
155,Residential,2007,2,22490,40.20,12381,1978,109268,1.0,2.0,81.75,1.362,764500
156,Residential,1977,2,49158,37.40,14510,1962,67869,4.0,3.0,219.44,0.147,729500
157,Residential,2020,2,25801,34.90,9689,1972,54555,3.0,2.0,207.73,0.142,1395000
158,Residential,1921,2,27525,37.70,13612,1957,91779,5.0,5.0,371.61,0.078,6900000
159,Residential,1975,4,22551,47.70,9008,1965,194151,4.0,3.0,304.07,0.312,2395000
160,Residential,1947,4,59394,37.80,25225,1963,79088,3.0,3.0,166.3,0.131,1950000
161,Residential,1954,6,49158,37.40,14510,1962,67869,3.0,2.0,161.84,0.178,799000
162,Residential,2021,4,37988,34.70,18426,1945,80998,4.0,5.0,390.38,0.177,4189000
163,Residential,1950,2,32117,40.40,14808,1969,103470,3.0,3.0,236.06,0.213,1895000
164,Residential,1935,2,96436,30.80,28160,1953,34311,3.0,2.0,152.27,0.108,650000
165,Residential,1942,2,96436,30.80,28160,1953,34311,3.0,3.0,118.91,0.112,578888
166,Residential,1942,4,41149,35.10,15514,1957,96812,4.0,3.0,164.81,0.142,1199000
167,Residential,2019,10,26634,43.20,9513,1984,129145,6.0,11.0,1363.62,7.431,28950000
168,Residential,2011,2,36964,40.70,16647,1968,127658,4.0,3.0,183.48,0.181,1585000
169,Residential,2017,2,50587,38.90,29183,1962,67667,5.0,6.0,492.38,0.149,4395000
170,Residential,2018,2,19358,38.80,9557,1970,81917,3.0,4.0,225.94,,1279000
171,Residential,1922,3,29589,38.10,11413,1945,86031,2.0,1.0,80.82,0.12,675000
172,Residential,1974,2,18389,50.00,7555,1975,149202,2.0,2.0,99.87,,1299000
173,Residential,1986,2,18389,50.00,7555,1975,149202,4.0,3.0,293.76,1.304,1745000
174,Residential,2001,3,18389,50.00,7555,1975,149202,4.0,5.0,428.65,,3795000
175,Residential,1990,4,18389,50.00,7555,1975,149202,3.0,4.0,293.29,0.2,8900000
176,Residential,2003,2,18389,50.00,7555,1975,149202,4.0,4.0,315.22,0.255,3799000
177,Residential,1972,2,18389,50.00,7555,1975,149202,2.0,2.0,92.16,,900000
178,Residential,1986,3,18389,50.00,7555,1975,149202,4.0,3.0,273.23,0.521,1798000
179,Residential,1980,10,18389,50.00,7555,1975,149202,4.0,5.0,399.02,1.113,4795000
180,Residential,2005,4,18389,50.00,7555,1975,149202,3.0,4.0,228.91,0.151,3150000
181,Residential,1963,6,18389,50.00,7555,1975,149202,4.0,3.0,198.07,0.414,2799000
182,Residential,1962,2,18389,50.00,7555,1975,149202,4.0,4.0,296.45,0.259,2895000
183,Residential,1996,20,18389,50.00,7555,1975,149202,3.0,4.0,373.28,,4395000
184,Residential,2005,8,18389,50.00,7555,1975,149202,4.0,3.0,310.29,0.368,3175000
185,Residential,1963,4,18389,50.00,7555,1975,149202,3.0,3.0,174.66,0.043,3695000
186,Residential,1965,3,18389,50.00,7555,1975,149202,4.0,4.0,252.04,0.304,3495000
187,Residential,2006,3,9670,50.50,3884,1998,204688,4.0,5.0,358.42,0.164,3248000
188,Residential,2020,2,36906,44.60,15268,1977,122222,2.0,3.0,88.26,0.253,895000
189,Residential,1991,1,36906,44.60,15268,1977,122222,1.0,1.0,71.91,,629900
190,Residential,2003,2,9670,50.50,3884,1998,204688,3.0,3.0,196.77,,1265000
191,Residential,1977,2,36906,44.60,15268,1977,122222,2.0,2.0,138.98,,1200000
192,Residential,1957,3,12148,56.20,5804,1972,140232,4.0,4.0,373.65,0.253,6250000
193,Residential,1998,3,36906,44.60,15268,1977,122222,5.0,6.0,467.58,0.232,2795000
194,MultiFamily,1949,4,3225,46.30,1519,1963,106673,,,,0.14,4999888
195,Residential,1996,2,9670,50.50,3884,1998,204688,4.0,3.0,213.95,0.092,1745000
196,Residential,2019,2,21572,42.80,10029,1970,103965,3.0,4.0,192.12,0.146,2395000
197,Residential,2001,5,36906,44.60,15268,1977,122222,3.0,3.0,341.88,0.183,2960000
198,Residential,2003,2,9670,50.50,3884,1998,204688,3.0,3.0,192.49,,1249000
199,Residential,1971,1,21572,42.80,10029,1970,103965,1.0,1.0,43.2,,399900
200,Residential,2000,2,12148,56.20,5804,1972,140232,3.0,3.0,361.76,0.326,4900000
201,Residential,2020,3,21572,42.80,10029,1970,103965,4.0,5.0,464.51,0.149,3749999
202,Residential,1972,1,21572,42.80,10029,1970,103965,2.0,3.0,184.41,0.046,2695000
203,Residential,2004,3,9670,50.50,3884,1998,204688,4.0,5.0,278.71,0.226,5395000
204,Residential,1999,2,36906,44.60,15268,1977,122222,4.0,4.0,254.92,0.116,2295000
205,Residential,1964,2,36906,44.60,15268,1977,122222,3.0,2.0,153.75,0.06,1280000
206,Residential,1999,3,36906,44.60,15268,1977,122222,4.0,5.0,421.59,0.214,3195000
207,Residential,2000,4,9670,50.50,3884,1998,204688,6.0,6.0,712.37,0.294,11950000
208,Residential,1968,3,36906,44.60,15268,1977,122222,5.0,4.0,299.33,0.151,2888000
209,Residential,1947,2,21572,42.80,10029,1970,103965,4.0,3.0,272.2,0.092,4750000
210,Residential,1993,2,25339,64.70,12788,1993,62043,2.0,2.0,108.88,,305000
211,Residential,1987,1,25339,64.70,12788,1993,62043,2.0,2.0,93.37,0.023,278000
212,Residential,1985,4,25339,64.70,12788,1993,62043,3.0,2.0,151.15,,359000
213,Residential,1997,6,25339,64.70,12788,1993,62043,3.0,3.0,218.51,,479000
214,Residential,2004,2,34225,51.40,15607,1983,54099,3.0,4.0,266.63,,899898
215,Residential,1999,2,25339,64.70,12788,1993,62043,4.0,5.0,359.44,,1375000
216,Residential,1971,2,34225,51.40,15607,1983,54099,2.0,2.0,192.12,0.1,409000
217,Residential,2001,2,25339,64.70,12788,1993,62043,2.0,2.0,199.0,,439000
218,Residential,2003,4,25339,64.70,12788,1993,62043,2.0,2.0,108.88,0.1,305000
219,Residential,1979,2,34225,51.40,15607,1983,54099,2.0,2.0,135.36,0.06,364900
220,Residential,1983,6,34225,51.40,15607,1983,54099,2.0,1.0,217.02,0.14,359900
221,Residential,1995,2,25339,64.70,12788,1993,62043,3.0,4.0,202.71,0.07,589000
222,Residential,1992,5,25339,64.70,12788,1993,62043,2.0,3.0,224.36,0.21,609000
223,Residential,1981,2,25339,64.70,12788,1993,62043,2.0,2.0,109.35,0.06,238000
224,Residential,1984,4,34225,51.40,15607,1983,54099,3.0,3.0,190.54,,469000
225,Residential,1987,4,25339,64.70,12788,1993,62043,2.0,2.0,123.56,0.07,379900
226,Residential,1974,2,34225,51.40,15607,1983,54099,2.0,2.0,120.77,,379000
227,Residential,2005,4,25339,64.70,12788,1993,62043,3.0,3.0,200.48,,599000
228,Residential,1961,4,25339,64.70,12788,1993,62043,3.0,2.0,155.33,,395500
229,Residential,1994,3,34225,51.40,15607,1983,54099,2.0,3.0,204.76,0.23,590000
230,Residential,1980,9,34225,51.40,15607,1983,54099,3.0,4.0,220.64,0.28,845000
231,Residential,2015,1,34225,51.40,15607,1983,54099,1.0,1.0,89.19,,209000
232,Residential,1974,8,34225,51.40,15607,1983,54099,2.0,2.0,142.7,,179000
233,Residential,1981,4,28517,51.20,13233,1979,49229,3.0,2.0,124.86,,289000
234,Residential,1983,1,28517,51.20,13233,1979,49229,1.0,2.0,100.61,0.03,320900
235,Residential,2006,2,28517,51.20,13233,1979,49229,3.0,2.0,131.09,,445000
236,Residential,1998,2,19881,59.60,10917,1974,50795,3.0,3.0,225.47,,799999
237,Residential,1971,2,19881,59.60,10917,1974,50795,1.0,1.0,65.03,,70000
238,Residential,2005,2,28517,51.20,13233,1979,49229,2.0,2.0,195.28,0.11,429900
239,Residential,2006,10,19881,59.60,10917,1974,50795,1.0,1.0,69.49,,339000
240,Residential,1973,5,28517,51.20,13233,1979,49229,4.0,3.0,190.91,0.22,1075000
241,Residential,1983,1,19881,59.60,10917,1974,50795,1.0,1.0,57.23,7.89,99999
242,Residential,1983,1,28517,51.20,13233,1979,49229,2.0,1.0,77.76,,179900
243,Residential,1971,2,19881,59.60,10917,1974,50795,2.0,2.0,162.58,0.05,149900
244,Residential,2007,4,28517,51.20,13233,1979,49229,2.0,3.0,136.66,,390000
245,Residential,2016,3,28517,51.20,13233,1979,49229,3.0,4.0,325.9,0.38,1795000
246,Residential,1972,2,28517,51.20,13233,1979,49229,3.0,2.0,124.86,0.02,330000
247,Residential,1968,1,19881,59.60,10917,1974,50795,2.0,2.0,141.4,0.07,618000
248,Residential,1983,1,28517,51.20,13233,1979,49229,1.0,1.0,60.67,0.02,175000
249,Residential,1982,2,19881,59.60,10917,1974,50795,3.0,3.0,226.12,,795000
250,MultiFamily,1962,1,28517,51.20,13233,1979,49229,2.0,2.0,,0.17,299000
251,Residential,1983,1,28517,51.20,13233,1979,49229,2.0,1.0,77.76,,178900
252,Residential,1988,3,18075,66.30,9406,1985,71227,3.0,3.0,209.87,,549000
253,Residential,1957,1,18075,66.30,9406,1985,71227,2.0,2.0,92.9,,169900
254,Residential,1979,14,18075,66.30,9406,1985,71227,4.0,5.0,324.51,0.44,1399000
255,Residential,2003,2,18075,66.30,9406,1985,71227,3.0,2.0,171.22,,519000
256,Residential,1980,2,18075,66.30,9406,1985,71227,3.0,2.0,104.79,0.05,240000
257,Residential,1997,6,18075,66.30,9406,1985,71227,3.0,3.0,160.16,0.1,440000
258,Residential,2003,6,18075,66.30,9406,1985,71227,4.0,5.0,405.89,0.34,1218000
259,Residential,1978,2,18075,66.30,9406,1985,71227,3.0,3.0,202.53,0.07,699000
260,Residential,1973,2,18075,66.30,9406,1985,71227,2.0,3.0,150.87,0.02,315000
261,Residential,1988,4,18075,66.30,9406,1985,71227,2.0,3.0,163.97,,495000
262,Residential,1975,4,18075,66.30,9406,1985,71227,3.0,2.0,146.88,,399000
263,Residential,1973,4,18075,66.30,9406,1985,71227,2.0,3.0,150.87,,325000
264,Residential,1981,4,18075,66.30,9406,1985,71227,2.0,2.0,142.6,,229900
265,Residential,2007,3,18075,66.30,9406,1985,71227,4.0,6.0,461.91,0.42,1439000
266,Residential,1975,1,18075,66.30,9406,1985,71227,2.0,2.0,122.63,,280000
267,Residential,1985,4,18075,66.30,9406,1985,71227,3.0,3.0,299.98,,1495000
268,Residential,2001,2,18075,66.30,9406,1985,71227,4.0,4.0,339.09,,949000
269,Residential,2004,4,18075,66.30,9406,1985,71227,4.0,5.0,268.12,,1150000
270,Residential,1977,2,18075,66.30,9406,1985,71227,3.0,2.0,150.59,0.06,444900
271,Residential,1996,8,18075,66.30,9406,1985,71227,3.0,3.0,215.9,,575000
272,Residential,2018,4,18075,66.30,9406,1985,71227,2.0,3.0,217.11,,749000
273,Residential,2003,12,8756,51.30,2873,1989,163281,6.0,8.0,840.77,0.92,4595000
274,Residential,2008,5,8756,51.30,2873,1989,163281,8.0,12.0,1331.29,2.27,7400000
275,Residential,2004,6,1343,62.30,652,1984,141818,4.0,5.0,646.79,,4159000
276,Residential,2014,29,8756,51.30,2873,1989,163281,6.0,5.0,619.47,2.61,4850000
277,Residential,1987,3,8756,51.30,2873,1989,163281,5.0,5.0,604.61,1.14,3395000
278,Residential,2006,6,8756,51.30,2873,1989,163281,3.0,5.0,540.04,,3895000
279,Residential,1992,9,8756,51.30,2873,1989,163281,4.0,8.0,624.02,1.63,5250000
280,Residential,2017,16,8756,51.30,2873,1989,163281,7.0,8.0,766.54,2.18,11495000
281,Residential,2007,14,8756,51.30,2873,1989,163281,5.0,9.0,1144.18,1.33,7995000
282,Residential,1971,4,1343,62.30,652,1984,141818,3.0,2.0,174.66,,1350000
283,Residential,1990,4,8756,51.30,2873,1989,163281,6.0,7.0,702.34,,4495000
284,Residential,2016,4,8756,51.30,2873,1989,163281,4.0,5.0,311.87,0.17,1800000
285,Residential,2015,6,1343,62.30,652,1984,141818,5.0,7.0,583.8,,4195000
286,Residential,1964,2,8756,51.30,2873,1989,163281,4.0,5.0,371.05,4.34,5150000
287,Residential,1980,2,1343,62.30,652,1984,141818,3.0,3.0,191.56,,855000
288,Residential,2005,6,8756,51.30,2873,1989,163281,4.0,5.0,406.35,,2849000
289,Residential,2002,4,8756,51.30,2873,1989,163281,5.0,7.0,698.53,4.66,2950000
290,Residential,1985,2,1343,62.30,652,1984,141818,3.0,3.0,171.87,,1149000
291,Residential,1981,5,8756,51.30,2873,1989,163281,5.0,6.0,538.93,,2695000
292,Residential,1926,1,21732,40.30,9774,1943,80938,3.0,2.0,125.42,,599000
293,Residential,1968,4,56173,37.90,20865,1965,77621,4.0,2.0,150.41,0.13,799000
294,Residential,1965,5,23990,43.70,9335,1970,84191,4.0,3.0,204.76,,1049000
295,Residential,1967,4,29142,39.80,11387,1970,91947,4.0,2.0,163.32,0.17,845000
296,Residential,2006,2,29911,32.80,11476,1973,68368,2.0,2.0,133.78,,619000
297,Residential,2007,2,39313,39.10,23297,2001,66202,2.0,3.0,121.7,,679000
298,Residential,2019,1,39313,39.10,23297,2001,66202,2.0,2.0,105.91,,1048000
299,Residential,1960,5,86811,35.30,21999,1980,64942,3.0,2.0,131.18,0.14,649000
300,Residential,2005,2,39313,39.10,23297,2001,66202,2.0,2.0,124.12,,1245000
301,Residential,2003,3,48721,36.40,15584,2001,134769,3.0,4.0,269.42,0.149,2095000
302,Residential,2007,4,48721,36.40,15584,2001,134769,5.0,5.0,422.98,,1895000
303,Residential,2007,1,39313,39.10,23297,2001,66202,2.0,2.0,89.19,0.69,649000
304,Residential,2003,1,39313,39.10,23297,2001,66202,2.0,1.0,81.48,,449000
305,Residential,1988,2,48438,30.30,19946,1986,80232,2.0,1.0,78.78,,484500
306,Residential,2019,2,31216,33.40,11788,1975,78880,3.0,3.0,148.64,,899000
307,Residential,2015,1,29689,36.20,13961,1992,150451,2.0,2.0,95.78,,999000
308,Residential,1923,1,25941,34.20,13918,0,148276,2.0,2.0,118.54,,1549000
309,Residential,2008,1,31067,40.00,17841,0,41835,1.0,1.0,87.89,,1025000
310,Residential,2005,1,56677,36.90,33108,0,88593,2.0,2.0,85.01,,950000
311,Residential,1908,1,34754,40.00,16860,0,155551,3.0,1.0,124.4,,1499000
312,Residential,1986,2,34754,40.00,16860,0,155551,3.0,3.0,215.07,,1675000
313,Residential,2001,2,74161,37.10,27736,0,123576,2.0,2.0,91.42,,598000
314,Residential,2014,1,31067,40.00,17841,0,41835,2.0,2.0,90.12,,1250000
315,Residential,1992,1,28735,38.50,14841,1974,57015,1.0,1.0,46.64,,599000
316,Residential,1963,1,35004,36.00,17208,1947,114819,2.0,1.0,78.04,,599000
317,Residential,1900,1,34754,40.00,16860,0,155551,2.0,2.0,,,1349000
318,Residential,1964,2,83782,30.20,17109,1968,61698,3.0,2.0,106.84,,530000
319,Residential,2012,2,50545,42.80,16559,1979,123737,4.0,3.0,232.26,0.115,998888
320,Residential,2018,2,28423,35.00,12088,1978,65846,4.0,4.0,279.45,0.221,1000000
321,Residential,1975,2,20667,41.20,7417,1993,124466,3.0,2.0,149.48,0.167,795000
322,Residential,1958,2,69502,36.80,21332,1966,79500,3.0,2.0,142.98,0.138,650000
323,Residential,1989,2,24354,39.30,12918,1967,107335,2.0,3.0,126.07,0.345,1685000
324,Residential,2017,2,22819,38.00,9904,1969,75221,3.0,3.0,164.16,0.517,1899000
325,Residential,1964,1,28115,40.60,14029,1963,94446,2.0,2.0,74.69,0.164,700000
326,Residential,2014,2,7256,37.30,4649,1991,72872,2.0,2.0,154.31,,1995000
327,Residential,1939,2,28115,40.60,14029,1963,94446,3.0,2.0,200.48,0.161,2500000
328,Residential,1973,2,22819,38.00,9904,1969,75221,2.0,2.0,97.18,0.172,929000
329,Residential,1981,2,24354,39.30,12918,1967,107335,2.0,2.0,157.93,0.344,2195000
330,Residential,1941,2,28115,40.60,14029,1963,94446,2.0,2.0,112.23,0.155,1850000
331,Residential,2014,2,7256,37.30,4649,1991,72872,2.0,3.0,144.65,,2999995
332,Residential,1962,2,28115,40.60,14029,1963,94446,3.0,1.0,107.4,0.596,979900
333,Residential,1940,4,28115,40.60,14029,1963,94446,5.0,5.0,384.24,0.2,3450000
334,MultiFamily,1979,8,28115,40.60,14029,1963,94446,2.0,2.0,,,2650000
335,Residential,1964,1,24354,39.30,12918,1967,107335,1.0,2.0,100.06,0.43,1599000
336,Residential,2014,2,7256,37.30,4649,1991,72872,2.0,2.0,144.0,0.938,1399000
337,Residential,2015,4,28115,40.60,14029,1963,94446,5.0,5.0,418.06,0.223,3845000
338,Residential,1951,2,24354,39.30,12918,1967,107335,3.0,2.0,149.29,0.275,2350000
339,Residential,2019,2,11866,48.30,4874,1956,147111,6.0,8.0,680.6,0.199,8395000
340,Residential,1979,2,24354,39.30,12918,1967,107335,3.0,3.0,164.81,0.172,1698000
341,Residential,1990,2,22819,38.00,9904,1969,75221,2.0,3.0,173.54,0.398,1299000
342,Residential,1974,2,28115,40.60,14029,1963,94446,2.0,3.0,129.51,0.189,975000
343,Residential,1968,2,45753,36.80,15530,1982,113305,4.0,2.0,131.36,0.14,849000
344,Residential,1983,1,45910,44.00,16434,1981,153684,1.0,1.0,57.32,,408750
345,Residential,1925,2,13365,42.80,5805,0,121219,6.0,8.0,915.74,0.91,12000000
346,Residential,1964,2,50500,42.20,18036,1976,128466,4.0,2.0,155.7,0.16,849999
347,Residential,1976,4,44272,41.30,16325,1961,91513,5.0,4.0,262.17,0.25,1800000
348,Residential,1985,2,74601,38.40,21484,1979,105448,3.0,3.0,152.36,,799000
349,MultiFamily,1898,1,26254,35.60,11300,1974,50149,2.0,2.0,,0.1,1295000
350,Residential,2010,3,45753,36.80,15530,1982,113305,5.0,3.0,250.84,0.18,1400000
351,Residential,1987,1,38388,36.90,11545,1983,142135,2.0,3.0,102.38,7.6,809950
352,Residential,1984,3,1044,44.50,267,1978,59625,4.0,4.0,249.81,1.55,1275000
353,Residential,2000,1,76,30.20,27,1991,60875,2.0,2.0,103.49,0.1,485000
354,Residential,1984,2,14412,46.00,6159,1975,57027,4.0,3.0,301.93,0.23,599900
355,Residential,1994,2,10898,51.10,4843,1982,51833,4.0,2.0,124.86,16.15,399000
356,Residential,2005,1,795,50.90,281,1980,75852,,,148.64,80.0,2995000
357,Residential,1964,2,6826,51.50,2991,1977,54004,3.0,2.0,106.28,,310000
358,Residential,1930,1,1698,59.90,703,1983,56146,2.0,2.0,63.92,0.18,395000
359,Residential,1978,2,5113,58.50,2312,1979,57813,5.0,2.0,218.6,,349000
360,Residential,1966,2,29367,42.80,11181,1976,44381,3.0,2.0,226.77,0.71,349900
361,Residential,1983,2,29367,42.80,11181,1976,44381,2.0,3.0,137.22,0.05,235000
362,Residential,1993,10,20460,37.20,6892,1975,33561,3.0,2.0,144.93,,314900
363,Residential,2020,2,20460,37.20,6892,1975,33561,3.0,2.0,135.36,0.147,316152
364,Residential,2020,2,20460,37.20,6892,1975,33561,3.0,2.0,135.36,0.161,322402
365,Residential,2020,2,20460,37.20,6892,1975,33561,3.0,2.0,135.36,0.153,319902
366,Residential,1989,2,37558,30.90,14463,1981,47599,3.0,2.0,144.74,0.15,499000
367,Residential,2020,6,27967,50.30,11762,1974,48717,3.0,2.0,164.53,0.32,429500
368,Residential,2020,2,20460,37.20,6892,1975,33561,4.0,2.0,171.31,0.225,353397
369,Residential,1990,4,29367,42.80,11181,1976,44381,2.0,2.0,93.65,0.51,169000
370,Residential,1991,2,37558,30.90,14463,1981,47599,3.0,2.0,175.86,0.21,539000
371,Residential,1981,2,13495,50.10,5346,1980,47563,2.0,2.0,120.77,0.25,189900
372,Residential,1983,5,35445,37.10,14041,1987,64517,4.0,3.0,237.18,1.1,699000
373,Residential,2020,2,20460,37.20,6892,1975,33561,3.0,2.0,135.36,0.145,318652
374,Residential,2018,1,7742,35.30,2802,1973,50551,4.0,2.0,118.36,,399000
375,Residential,2019,2,1435,41.10,523,1967,67875,3.0,2.0,126.44,,295000
376,Residential,1990,2,96081,34.00,27947,1980,67772,3.0,3.0,178.28,0.1,540000
377,Residential,2015,3,41911,34.30,12216,1993,93515,5.0,3.0,248.7,0.12,675000
378,Residential,1976,2,27780,46.30,10247,1972,148313,4.0,3.0,249.26,0.113,999000
379,Residential,1977,2,49699,41.90,18949,1974,96997,3.0,2.0,150.97,0.228,719000
380,Residential,2016,2,20822,40.00,9736,1974,101259,5.0,3.0,222.78,0.07,1848000
381,Residential,1968,2,35102,39.80,12003,1981,146696,4.0,2.0,158.96,0.24,1099000
382,Residential,1972,2,32539,47.60,12233,1975,142426,3.0,2.0,163.14,0.34,1325000
383,Residential,2016,2,29639,45.20,10869,1965,159583,5.0,4.0,379.13,0.66,2550000
384,Residential,1977,2,49699,41.90,18949,1974,96997,3.0,2.0,131.55,0.05,485000
385,Residential,1977,2,23470,38.10,8337,1979,46282,3.0,2.0,167.22,1.02,339000
386,Residential,1954,1,23470,38.10,8337,1979,46282,3.0,1.0,93.46,0.15,229900
387,Residential,1996,2,23470,38.10,8337,1979,46282,5.0,3.0,172.8,0.12,269500
388,Residential,1970,2,23470,38.10,8337,1979,46282,3.0,2.0,133.13,0.22,299000
389,Residential,1956,1,23470,38.10,8337,1979,46282,4.0,2.0,135.54,0.14,274000
390,Residential,1988,1,23470,38.10,8337,1979,46282,3.0,2.0,114.46,0.16,195000
391,Residential,1962,2,2066,39.90,770,1992,50938,2.0,2.0,92.9,0.23,125000
392,Residential,1974,3,2066,39.90,770,1992,50938,3.0,3.0,193.14,,475000
393,Residential,2021,2,2066,39.90,770,1992,50938,3.0,2.0,171.31,0.37,389000
394,Residential,1972,2,29357,38.80,11536,1973,56321,3.0,2.0,113.81,0.13,499000
395,Residential,1960,1,30141,45.80,11010,1986,87743,3.0,1.0,122.91,1.5,425000
396,Residential,1996,2,29357,38.80,11536,1973,56321,3.0,3.0,174.38,0.16,659000
397,Residential,1979,2,29357,38.80,11536,1973,56321,3.0,4.0,165.64,0.14,799000
398,Residential,1963,2,29357,38.80,11536,1973,56321,4.0,3.0,237.18,0.17,1450000
399,Residential,2016,4,29357,38.80,11536,1973,56321,7.0,6.0,473.24,1.05,2295000
400,Residential,1978,2,29357,38.80,11536,1973,56321,5.0,3.0,272.76,0.4,1200000
401,Residential,2021,6,42494,43.50,14147,1999,132470,6.0,6.0,440.26,0.74,3000000
402,Residential,2004,3,30922,30.60,8496,1979,42305,4.0,3.0,240.62,0.22,365000
403,Residential,2018,3,37463,37.10,12342,2003,118010,6.0,5.0,328.13,0.32,659000
404,Residential,1978,1,29294,35.90,11302,1960,56769,2.0,2.0,120.87,0.06,199000
405,Residential,1994,3,48473,35.80,15615,1994,87379,4.0,3.0,288.0,0.21,625900
406,Residential,1953,2,29294,35.90,11302,1960,56769,4.0,3.0,248.05,0.36,699000
407,Residential,1964,2,43209,28.60,14130,1965,38435,3.0,2.0,142.51,0.14,289900
408,Residential,2004,2,37463,37.10,12342,2003,118010,3.0,2.0,188.68,0.14,449900
409,Residential,1992,2,38349,43.10,15945,1982,71825,3.0,2.0,198.53,0.16,382000
410,Residential,1930,2,8381,40.50,3220,1963,48493,3.0,1.0,73.21,,249000
411,Residential,1959,2,8381,40.50,3220,1963,48493,4.0,3.0,147.62,0.143,254000
412,Residential,1952,2,8381,40.50,3220,1963,48493,3.0,2.0,208.57,1.122,319000
413,Residential,1990,5,15043,35.80,5352,1977,47205,4.0,5.0,382.57,5.09,695000
414,Residential,1946,1,8381,40.50,3220,1963,48493,2.0,1.0,72.46,0.172,220000
415,Residential,1980,2,15043,35.80,5352,1977,47205,3.0,3.0,158.4,7.64,615900
416,Residential,2006,2,15043,35.80,5352,1977,47205,3.0,2.0,188.41,0.178,370000
417,Residential,1980,2,15043,35.80,5352,1977,47205,3.0,2.0,142.51,0.186,270750
418,Residential,1958,2,8381,40.50,3220,1963,48493,3.0,2.0,136.29,0.143,330000
419,Residential,1978,2,15043,35.80,5352,1977,47205,3.0,2.0,131.18,0.152,314900
420,Residential,2020,2,15043,35.80,5352,1977,47205,3.0,3.0,158.03,0.164,394000
421,Residential,1949,1,2788,27.50,856,1976,43688,3.0,2.0,153.57,0.161,314000
422,Residential,2004,4,15043,35.80,5352,1977,47205,3.0,2.0,226.96,,579000
423,Residential,1969,2,15043,35.80,5352,1977,47205,5.0,4.0,258.92,0.26,410000
424,Residential,1934,1,23467,39.10,9870,1953,42500,3.0,2.0,148.64,0.12,349999
425,Residential,2018,2,14305,39.70,5395,1975,46302,3.0,2.0,133.78,0.15,370000
426,Residential,1936,2,19099,37.20,7333,1983,52758,2.0,1.0,92.9,8.2,699700
427,Residential,2004,3,25503,41.30,9863,1967,51462,3.0,3.0,380.9,7.49,1150000
428,Residential,1977,475,25503,41.30,9863,1967,51462,2.0,2.0,96.25,,69000
429,Residential,1958,1,14305,39.70,5395,1975,46302,2.0,2.0,126.16,0.11,295000
430,Residential,1996,440,19099,37.20,7333,1983,52758,2.0,2.0,83.61,,72000
431,Residential,1989,2,19099,37.20,7333,1983,52758,3.0,2.0,136.94,0.2,329000
432,Residential,2006,2,25503,41.30,9863,1967,51462,3.0,3.0,230.12,0.25,709000
433,Residential,1978,3,1554,37.80,665,1971,49306,2.0,2.0,133.78,,269000
434,Residential,2000,2,23467,39.10,9870,1953,42500,3.0,2.0,127.83,0.12,449000
435,Residential,1992,2,25503,41.30,9863,1967,51462,3.0,3.0,158.77,0.04,235000
436,Residential,1972,2,1493,38.30,493,1973,56250,2.0,2.0,177.26,,449000
437,Residential,1930,2,27255,31.80,7043,1984,43460,3.0,2.0,89.93,0.147,179900
438,Residential,2013,2,40019,32.90,8825,1992,40759,2.0,2.0,78.32,0.022,140000
439,Residential,1973,2,27255,31.80,7043,1984,43460,4.0,2.0,109.62,0.154,229000
440,Residential,2013,2,27255,31.80,7043,1984,43460,3.0,3.0,178.0,0.026,239000
441,Residential,2006,6,40019,32.90,8825,1992,40759,4.0,2.0,168.52,0.147,329995
442,Residential,1979,2,27255,31.80,7043,1984,43460,4.0,3.0,130.06,0.117,200000
443,Residential,2000,4,27255,31.80,7043,1984,43460,3.0,2.0,116.5,0.146,245000
444,Residential,1969,6,15118,34.20,4980,1988,27779,2.0,1.0,89.19,0.08,35000
445,Residential,1930,3,8979,34.60,2402,1977,53042,3.0,2.0,148.36,0.292,270000
446,Residential,1951,4,50484,33.00,12945,1979,46648,3.0,2.0,107.77,0.27,219000
447,Residential,2020,4,27255,31.80,7043,1984,43460,4.0,2.0,144.93,0.145,299900
448,Residential,1984,2,40019,32.90,8825,1992,40759,3.0,1.0,95.32,,209950
449,Residential,1964,5,27255,31.80,7043,1984,43460,4.0,3.0,188.41,0.154,265000
450,Residential,1961,4,50484,33.00,12945,1979,46648,3.0,2.0,170.94,0.49,330500
451,Residential,2002,2,1704,31.20,461,1985,27054,3.0,2.0,104.05,0.15,182900
452,Residential,2006,6,23388,30.00,5135,1999,84544,4.0,2.0,169.18,0.14,315000
453,Residential,2006,4,23388,30.00,5135,1999,84544,4.0,3.0,220.74,0.118,345000
454,Residential,1956,3,50484,33.00,12945,1979,46648,3.0,1.0,89.84,0.171,185000
455,Residential,1975,2,570,47.20,288,1961,41625,2.0,2.0,136.01,0.15,339000
456,Residential,1973,6,14412,46.00,6159,1975,57027,3.0,2.0,148.46,0.8,359900
457,Residential,1940,3,14412,46.00,6159,1975,57027,3.0,2.0,120.96,0.29,299900
458,Residential,1940,1,1899,38.40,829,1964,43859,2.0,2.0,148.64,0.14,259000
459,Residential,1969,2,55269,30.00,11937,1981,41877,3.0,2.0,118.17,0.161,228700
460,Residential,1970,2,20929,32.20,6969,1992,56274,4.0,2.0,121.7,0.14,260000
461,Residential,1960,2,73401,31.00,22240,1976,53254,3.0,2.0,148.46,0.18,230000
462,Residential,1960,2,84809,27.40,22006,1977,38891,3.0,2.0,143.44,0.423,345900
463,Residential,1993,2,34839,40.20,11574,1987,63288,4.0,3.0,157.38,1.29,429000
464,Residential,1990,2,20929,32.20,6969,1992,56274,4.0,2.0,140.84,0.149,295000
465,Residential,2003,2,52637,29.70,13981,1998,72946,4.0,2.0,140.84,0.15,285000
466,Residential,1990,2,20929,32.20,6969,1992,56274,4.0,2.0,140.84,0.15,295000
467,Residential,1955,2,53702,34.60,19454,1976,43659,3.0,2.0,162.95,0.156,185000
468,Residential,2013,3,28590,34.40,8934,2002,108767,4.0,4.0,280.01,0.25,440000
469,Residential,1979,2,6343,50.90,2707,1975,42758,4.0,3.0,151.99,0.15,199000
470,Residential,1978,2,66800,33.30,21799,1981,59904,3.0,2.0,166.11,,310000
471,Residential,1992,2,66800,33.30,21799,1981,59904,4.0,2.0,199.28,0.23,325000
472,Residential,2002,3,66800,33.30,21799,1981,59904,4.0,3.0,230.77,,375000
473,Residential,2004,3,66800,33.30,21799,1981,59904,4.0,3.0,174.19,,405000
474,Residential,1955,5,15550,37.90,6129,1976,29069,4.0,2.0,182.37,0.207,299000
475,Residential,2005,2,6044,43.00,2284,1992,63384,4.0,3.0,152.73,0.611,385000
476,Residential,1979,1,11627,45.80,4724,1984,51469,3.0,2.0,116.69,0.172,305000
477,Residential,2005,6,11627,45.80,4724,1984,51469,4.0,4.0,269.23,30.08,1499999
478,Residential,1928,2,11092,49.70,4618,1979,45763,2.0,2.0,139.35,0.226,280000
479,Residential,1984,2,3019,37.20,1206,1973,41579,3.0,2.0,162.67,0.141,290000
480,Residential,1970,6,11627,45.80,4724,1984,51469,3.0,4.0,210.89,0.75,999000
481,Residential,1982,2,15550,37.90,6129,1976,29069,3.0,2.0,192.49,0.243,265000
482,Residential,1994,5,11627,45.80,4724,1984,51469,2.0,2.0,124.02,0.17,259900
483,Residential,1975,2,3757,55.70,1679,1979,44611,3.0,3.0,119.1,0.224,165000
484,Residential,1945,4,20553,32.30,5233,1980,56369,3.0,1.0,,,4750000
485,Residential,1982,2,3336,56.90,1591,1978,55043,4.0,3.0,222.97,0.54,310000
486,Residential,1935,1,3336,56.90,1591,1978,55043,2.0,1.0,81.75,0.17,119500
487,Residential,1964,3,3336,56.90,1591,1978,55043,4.0,2.0,145.48,0.17,135000
488,Residential,1960,1,758,48.90,407,1974,42202,3.0,,167.22,520.0,1395000
489,Residential,1947,2,32389,44.30,16947,1960,87870,3.0,2.0,150.41,0.071,1425000
490,Residential,1989,2,19053,42.10,5996,1989,116298,3.0,3.0,255.85,6.08,890000
491,Residential,1965,1,36964,40.70,16647,1968,127658,1.0,1.0,65.03,0.934,549000
492,Residential,1964,2,29589,38.10,11413,1945,86031,4.0,3.0,225.47,0.118,1850000
493,Residential,1969,2,37350,37.40,11458,1987,112664,3.0,2.0,128.3,0.147,646000
494,Residential,1924,2,14660,40.60,6410,1962,82164,2.0,1.0,98.66,0.136,1450000
495,Residential,1956,2,56821,38.60,15139,1965,76551,4.0,2.0,113.71,0.117,650000
496,Residential,1950,4,59394,37.80,25225,1963,79088,3.0,2.0,132.48,0.144,1479000
497,Residential,1922,2,29516,39.70,9724,1947,80547,2.0,1.0,92.53,0.16,825000
498,MultiFamily,1923,1,63911,35.10,20622,1951,59746,2.0,1.0,,0.121,1375000
499,Residential,1981,2,11371,45.20,4166,1958,88365,4.0,3.0,295.24,0.62,1700000
500,Residential,1964,2,50587,38.90,29183,1962,67667,4.0,5.0,311.41,0.36,3725000
501,Residential,2003,2,40266,31.30,9972,1993,63261,3.0,2.0,167.87,0.17,429900
502,Residential,1978,2,32096,36.90,10277,1998,126753,4.0,2.0,150.87,0.153,649900
503,Residential,2020,2,21394,35.50,10521,1975,65592,3.0,4.0,302.4,,4225000
504,Residential,1985,2,66590,32.80,17850,1967,62791,2.0,3.0,118.45,0.911,429000
505,Residential,1978,4,19650,39.00,8979,1969,137188,2.0,3.0,148.64,0.323,1350000
506,Residential,1972,3,12690,42.00,4044,1986,80074,4.0,2.0,199.74,0.78,449900
507,Residential,1961,2,39381,32.00,12305,1987,52207,3.0,2.0,140.65,0.21,265000
508,Residential,1978,2,8981,47.10,3543,1979,52597,3.0,2.0,138.8,2.78,299500
509,Residential,1985,1,50894,28.00,12275,1983,41129,2.0,1.0,83.7,0.18,210000
510,Residential,1991,2,39381,32.00,12305,1987,52207,5.0,2.0,138.15,0.14,254000
511,Residential,2001,2,32013,47.60,13429,1964,145602,3.0,3.0,201.97,0.02,1944000
512,Residential,1929,1,11408,51.10,5905,1966,103424,3.0,3.0,144.28,0.05,1950000
513,Residential,1963,4,17452,47.10,7202,1979,89871,3.0,2.0,179.77,0.26,1175000
514,Residential,1927,2,12797,50.70,5355,1967,166313,3.0,3.0,299.61,0.16,3400000
515,Residential,1954,6,30048,47.40,12139,1968,102947,4.0,2.0,103.59,0.14,899000
516,Residential,1998,3,219,38.50,76,1977,117813,4.0,3.0,246.19,0.22,1989000
517,Residential,1954,1,19035,45.10,7306,1973,106425,3.0,2.0,114.46,0.17,775000
518,Residential,1998,2,42482,39.00,15679,1963,87495,4.0,4.0,201.41,0.23,1589000
519,Residential,1941,3,32013,47.60,13429,1964,145602,3.0,3.0,158.31,0.09,1995000
520,Residential,1986,1,10898,51.10,4843,1982,51833,3.0,2.0,139.35,0.45,275000
521,Residential,2004,2,10898,51.10,4843,1982,51833,3.0,2.0,151.43,0.35,355000
522,Residential,2000,4,10898,51.10,4843,1982,51833,3.0,2.0,166.11,,484000
523,Residential,1984,2,10898,51.10,4843,1982,51833,4.0,3.0,278.71,146.73,1400000
524,Residential,1990,2,10898,51.10,4843,1982,51833,3.0,3.0,213.68,2.019,385000
525,Residential,2014,4,10898,51.10,4843,1982,51833,2.0,3.0,303.23,21.0,640000
526,Residential,1991,6,10898,51.10,4843,1982,51833,6.0,4.0,281.68,6.97,385500
527,Residential,2020,2,10898,51.10,4843,1982,51833,3.0,2.0,159.23,3.31,429000
528,Residential,1994,2,123,68.80,58,1975,108092,4.0,3.0,271.92,0.28,950000
529,Residential,2008,3,10898,51.10,4843,1982,51833,4.0,2.0,297.29,3.75,455000
530,Residential,1943,1,14632,44.60,5872,1973,45833,3.0,2.0,,0.17,495000
531,Residential,1976,2,14632,44.60,5872,1973,45833,3.0,2.0,139.35,1.22,499000
532,Residential,2001,3,31847,39.30,11396,1973,50000,5.0,7.0,929.02,255.0,16900000
533,Residential,1950,4,14632,44.60,5872,1973,45833,2.0,1.0,,,500000
534,Residential,1951,2,251,31.80,107,1973,57452,1.0,2.0,,0.18,624000
535,Residential,2007,6,31847,39.30,11396,1973,50000,3.0,3.0,278.71,0.45,930000
536,Residential,1990,1,339,49.90,158,1981,39231,3.0,2.0,195.47,640.0,575000
537,Residential,1991,2,5500,46.20,2304,1977,42097,2.0,2.0,139.35,1.47,156500
538,Residential,1929,1,5500,46.20,2304,1977,42097,2.0,1.0,69.12,0.11,75000
539,Residential,1964,2,5500,46.20,2304,1977,42097,1.0,1.0,66.89,3.4,100000
540,Residential,1969,2,56,73.80,42,1980,0,3.0,2.0,149.39,12.44,129500
541,Residential,1983,1,1918,40.00,722,1961,38500,3.0,2.0,113.71,0.14,84000
542,Residential,1936,1,138,61.70,90,1982,26250,2.0,1.0,90.86,0.62,96000
543,Residential,1992,1,380,52.60,166,1953,55000,3.0,3.0,,17.0,595000
544,Residential,2003,1,9359,34.70,3080,1979,66500,2.0,3.0,108.88,,799000
545,Residential,1980,1,9359,34.70,3080,1979,66500,1.0,1.0,79.43,,339000
546,Residential,2001,1,9359,34.70,3080,1979,66500,2.0,2.0,112.78,,649000
547,Residential,1982,1,9359,34.70,3080,1979,66500,2.0,2.0,98.57,,349000
548,Residential,1970,1,9359,34.70,3080,1979,66500,4.0,2.0,97.55,,699000
549,Residential,2007,1,9359,34.70,3080,1979,66500,1.0,1.0,51.0,,375000
550,Residential,1963,1,9359,34.70,3080,1979,66500,2.0,1.0,94.39,0.02,559900
551,Residential,1966,1,9359,34.70,3080,1979,66500,2.0,2.0,99.59,0.02,599900
552,Residential,1972,1,9359,34.70,3080,1979,66500,2.0,1.0,92.9,,465000
553,Residential,1976,2,12833,57.90,5489,1967,95644,4.0,4.0,290.04,0.243,4850000
554,Residential,2005,2,18778,26.80,4133,1987,55788,4.0,3.0,258.55,0.138,520000
555,Residential,1972,2,32411,38.50,13044,1970,81807,4.0,3.0,256.04,0.24,1295000
556,Residential,1959,4,4117,60.30,1750,1970,138542,4.0,3.0,173.91,0.204,1495000
557,Residential,1956,3,12833,57.90,5489,1967,95644,3.0,2.0,106.56,0.142,1175000
558,MultiFamily,1935,8,60408,27.40,12899,1976,49659,7.0,,161.65,0.149,749000
559,Residential,1961,2,3379,57.90,1674,1953,91313,3.0,2.0,170.57,0.092,1799000
560,Residential,1927,1,3379,57.90,1674,1953,91313,3.0,3.0,183.39,0.092,3100000
561,Residential,1989,170,65256,32.20,16920,1980,65203,2.0,2.0,106.93,,319000
562,Residential,2001,4,69142,41.90,24302,1974,88765,4.0,3.0,307.04,0.18,1549000
563,Residential,1977,2,69142,41.90,24302,1974,88765,3.0,3.0,254.83,0.23,1375000
564,Residential,1926,4,27523,38.50,10211,1966,73408,2.0,2.0,95.88,0.21,799000
565,Residential,1997,5,69142,41.90,24302,1974,88765,3.0,3.0,366.41,0.5,2250000
566,Residential,1993,2,69142,41.90,24302,1974,88765,4.0,3.0,252.42,0.27,829000
567,Residential,2000,3,69142,41.90,24302,1974,88765,3.0,4.0,302.86,0.46,1999000
568,Residential,1910,16,69142,41.90,24302,1974,88765,3.0,1.0,209.4,171.58,4900000
569,Residential,1974,5,8677,50.80,3614,1972,89095,3.0,3.0,185.9,0.57,995000
570,Residential,1956,4,69142,41.90,24302,1974,88765,3.0,2.0,110.46,0.14,669000
571,Residential,1920,3,27523,38.50,10211,1966,73408,3.0,2.0,127.09,0.17,1100000
572,Residential,2004,4,20306,37.30,5442,1998,98247,6.0,3.0,358.79,0.17,799000
573,Residential,1968,4,69142,41.90,24302,1974,88765,2.0,3.0,117.43,0.03,787500
574,Residential,1990,4,69142,41.90,24302,1974,88765,4.0,2.0,218.51,0.22,1275000
575,Residential,1988,2,27523,38.50,10211,1966,73408,4.0,4.0,193.79,0.14,1029000
576,Residential,1980,2,25519,50.20,11136,1975,46771,4.0,2.0,322.65,5.88,629500
577,Residential,1989,2,20519,53.20,8347,1984,67873,3.0,2.0,157.0,7.88,365000
578,Residential,1977,2,20519,53.20,8347,1984,67873,3.0,2.0,110.74,1.5,390000
579,Residential,1981,2,20519,53.20,8347,1984,67873,3.0,2.0,111.48,2.03,329000
580,Residential,1996,2,17910,54.60,7510,1980,60985,4.0,4.0,238.11,,675000
581,Residential,1989,2,9370,55.60,3950,1984,65500,4.0,3.0,283.17,0.36,467000
582,Residential,1979,2,20519,53.20,8347,1984,67873,3.0,3.0,204.38,0.31,500000
583,Residential,2012,2,50545,42.80,16559,1979,123737,4.0,3.0,232.26,0.115,998888
584,Residential,1969,1,62718,35.80,21363,1968,80218,1.0,1.0,72.93,,365000
585,MultiFamily,1957,2,23878,39.80,6715,1970,57126,,,,0.527,2400000
586,Residential,1986,2,20194,43.60,6792,1987,142615,2.0,2.0,94.11,,450000
587,Residential,1966,2,32362,30.10,12736,1987,79366,2.0,2.0,117.99,0.074,600000
588,Residential,1975,2,34110,45.60,14230,1973,81347,3.0,2.0,152.73,0.102,899000
589,Residential,1977,2,28819,38.90,9698,1976,105108,3.0,3.0,148.27,0.08,825000
590,Residential,1983,1,34406,45.40,14247,1973,97459,1.0,1.0,70.05,,379000
591,Residential,1953,8,23867,44.90,8502,1972,102929,4.0,4.0,301.84,0.403,1349000
592,Residential,2003,3,50545,42.80,16559,1979,123737,5.0,4.0,372.17,0.241,1488000
593,Residential,1955,2,69502,36.80,21332,1966,79500,3.0,2.0,137.03,0.179,699900
594,Residential,1939,3,2154,51.20,847,1947,103935,3.0,2.0,97.18,0.124,630000
595,Residential,1965,4,15813,43.20,4952,1972,99576,4.0,3.0,217.3,0.116,899900
596,Residential,1990,3,31327,42.70,12084,1986,83289,3.0,3.0,279.54,,739900
597,Residential,2014,2,52394,43.30,19420,2003,81267,4.0,2.0,164.72,,459000
598,Residential,1988,2,3336,56.90,1591,1978,55043,3.0,2.0,120.77,0.46,379000
599,Residential,1983,1,3336,56.90,1591,1978,55043,2.0,2.0,121.24,0.66,240000
600,Residential,1983,1,3044,49.50,1399,1984,52083,2.0,2.0,74.32,0.08,99900
601,Residential,1959,4,2005,50.40,812,1965,42277,4.0,2.0,151.9,60.0,464000
602,Residential,2000,2,209,62.60,92,1998,86250,3.0,3.0,229.0,1.96,584900
603,Residential,1967,2,6254,42.10,2413,1974,49614,3.0,3.0,183.95,0.42,375000
604,Residential,1949,1,6254,42.10,2413,1974,49614,4.0,2.0,123.0,0.21,235000
605,Residential,1948,2,6254,42.10,2413,1974,49614,3.0,2.0,152.45,0.3,219500
606,Residential,1977,2,3336,56.90,1591,1978,55043,4.0,3.0,288.18,0.49,1600000
607,Residential,2004,3,3044,49.50,1399,1984,52083,3.0,3.0,319.58,3.98,657000
608,Residential,1992,3,2005,50.40,812,1965,42277,3.0,2.0,220.55,10.37,495000
609,MultiFamily,1988,4,33578,29.80,7868,1990,61938,,,,0.19,799900
610,Residential,1988,2,68128,32.30,17952,2003,90906,4.0,3.0,185.99,0.17,499000
611,Residential,2017,2,68128,32.30,17952,2003,90906,3.0,4.0,132.57,0.023,397000
612,Residential,1975,6,65347,37.60,22942,1988,42757,3.0,2.0,125.42,0.15,375000
613,Residential,1988,2,41107,35.20,12968,1995,83189,3.0,2.0,150.5,0.18,469000
614,Residential,2002,3,35072,37.10,10403,2002,106403,5.0,3.0,331.29,0.24,790000
615,Residential,2003,2,56511,30.50,14959,1986,55399,3.0,2.0,146.97,0.2,424900
616,Residential,2001,3,51322,31.70,13517,1980,64505,4.0,3.0,253.81,0.1,589800
617,Residential,2014,4,65347,37.60,22942,1988,42757,2.0,2.0,133.5,0.12,399999
618,Residential,2002,2,60944,30.60,13944,1983,52325,4.0,2.0,138.8,0.14,319000
619,Residential,1980,2,81214,31.50,18963,1979,66232,3.0,2.0,111.95,0.07,389000
620,Residential,1988,3,6279,50.80,2543,1989,107395,4.0,3.0,229.84,10.25,789000
621,Residential,2015,2,54648,37.10,20519,1978,64784,4.0,3.0,179.77,,569000
622,Residential,1996,2,41757,39.50,16303,1976,59693,3.0,2.0,137.22,,449900
623,Residential,1980,2,52646,35.00,15429,1985,83305,3.0,2.0,162.58,8.19,954400
624,Residential,1910,2,52646,35.00,15429,1985,83305,3.0,2.0,112.78,0.09,479000
625,Residential,1983,1,4181,44.20,1378,1981,77644,2.0,3.0,123.28,0.02,515000
626,Residential,2020,6,52646,35.00,15429,1985,83305,4.0,3.0,261.52,,1165000
627,Residential,1993,3,99284,29.00,24837,1975,50730,4.0,3.0,164.44,0.172,514900
628,Residential,2017,2,96575,32.70,24524,1995,90172,3.0,3.0,187.76,0.1,485000
629,Residential,1961,1,5729,47.30,2276,1977,79340,5.0,3.0,171.68,0.149,995000
630,Residential,1980,2,5729,47.30,2276,1977,79340,4.0,2.0,226.22,0.253,650000
631,Residential,1974,1,22484,41.60,8396,1973,101520,1.0,1.0,85.75,,1195000
632,Residential,2003,2,53072,33.10,14756,2002,96617,3.0,3.0,163.14,0.07,639900
633,Residential,1960,4,49933,40.60,15796,1978,105788,3.0,2.0,136.85,,662000
634,Residential,1977,1,22565,31.80,11097,1992,72170,2.0,1.0,76.55,,325000
635,Residential,1977,1,29911,32.80,11476,1973,68368,2.0,2.0,91.32,,425000
636,Residential,1950,5,37040,34.50,10410,1977,64510,3.0,2.0,97.08,0.15,549900
637,Residential,2019,1,39313,39.10,23297,2001,66202,2.0,2.0,108.7,,859900
638,Residential,2017,6,86811,35.30,21999,1980,64942,5.0,3.0,206.89,,707000
639,Residential,1986,4,13863,48.30,5924,1975,140625,3.0,3.0,243.13,0.2,2875000
640,Residential,1974,8,18558,39.40,6411,1987,92287,3.0,3.0,224.45,,679900
641,Residential,1990,6,26701,33.20,9175,1970,51838,3.0,2.0,128.02,0.14,815000
642,Residential,1988,6,49933,40.60,15796,1978,105788,4.0,3.0,254.09,,1295000
643,Residential,1982,1,37040,34.50,10410,1977,64510,1.0,1.0,62.71,2.98,269900
644,Residential,1981,1,34754,40.00,16860,0,155551,2.0,2.0,141.95,,1360000
645,Residential,1922,1,35004,36.00,17208,1947,114819,3.0,2.0,109.35,,1425000
646,Residential,1912,1,44239,33.30,18204,0,152071,2.0,1.0,120.03,,1395000
647,Residential,1922,1,35004,36.00,17208,1947,114819,4.0,4.0,202.71,,2295000
648,Residential,1926,1,26527,42.50,12995,0,66811,3.0,4.0,,,1995000
649,Residential,2006,2,29689,36.20,13961,1992,150451,3.0,2.0,163.69,,1595000
650,Residential,1989,1,56677,36.90,33108,0,88593,2.0,2.0,110.55,,1198000
651,Residential,1927,2,56677,36.90,33108,0,88593,2.0,1.0,123.0,,1650000
652,Residential,1908,1,44239,33.30,18204,0,152071,2.0,2.0,181.16,,1995000
653,Residential,2019,3,21552,33.00,5453,1999,81339,4.0,3.0,238.39,0.11,588888
654,Residential,1994,5,44753,40.60,17438,1987,65694,3.0,3.0,316.52,27.84,2999500
655,Residential,1922,2,44753,40.60,17438,1987,65694,2.0,1.0,126.9,0.161,695000
656,Residential,2021,2,33806,38.60,12791,1981,82548,3.0,2.0,167.22,1.61,750000
657,Residential,1994,8,8914,45.50,3285,1988,84366,6.0,4.0,371.61,7.03,1275000
658,Residential,1951,2,33806,38.60,12791,1981,82548,4.0,3.0,223.15,3.2,879000
659,Residential,1998,4,2947,58.60,1478,1974,63373,3.0,2.0,145.3,0.064,998000
660,Residential,1982,3,28423,35.00,12088,1978,65846,3.0,2.0,204.48,0.23,939000
661,Residential,1981,2,1125,57.00,451,1990,90321,3.0,2.0,143.07,66.3,1349950
662,Residential,1997,2,44753,40.60,17438,1987,65694,4.0,3.0,216.09,0.277,748000
663,Residential,1999,2,1604,42.70,497,1993,81917,4.0,3.0,178.84,0.172,639000
664,Residential,1985,2,30136,48.90,11634,1982,83210,2.0,3.0,159.61,0.058,599000
665,MultiFamily,1951,5,36550,21.60,8574,1974,45611,2.0,2.0,,0.149,789900
666,Residential,2020,2,28423,35.00,12088,1978,65846,3.0,4.0,198.07,0.028,1169000
667,Residential,1996,2,44753,40.60,17438,1987,65694,3.0,3.0,195.09,0.191,579900
668,Residential,2015,7,27757,45.10,10248,1959,158269,6.0,8.0,896.04,3.173,35000000
669,Residential,1997,3,4929,49.00,1939,1981,92557,4.0,2.0,182.0,,759000
670,Residential,1964,2,58431,22.20,15977,1972,62547,4.0,2.0,137.68,0.14,899000
671,Residential,1959,2,58431,22.20,15977,1972,62547,3.0,3.0,111.48,0.25,1099000
672,Residential,1975,1,56406,34.60,17978,1971,59375,3.0,2.0,149.02,0.06,464900
673,Residential,1987,10,86703,32.20,23480,1974,63979,3.0,2.0,188.96,5.67,1399500
674,Residential,1978,1,24837,49.40,10153,1974,96600,1.0,1.0,55.28,0.012,899000
675,Residential,1962,2,24837,49.40,10153,1974,96600,2.0,2.0,112.04,0.17,889000
676,Residential,1968,4,15217,43.00,5644,1979,106113,2.0,2.0,113.43,0.148,899000
677,Residential,1998,10,86703,32.20,23480,1974,63979,7.0,7.0,339.74,1.295,2999999
678,Residential,2000,3,9030,44.00,4095,1972,80011,2.0,3.0,138.33,0.063,1550000
679,Residential,1966,2,9238,48.40,3991,1961,90130,2.0,2.0,134.71,0.776,747000
680,Residential,2020,3,44475,40.40,18058,1987,51512,3.0,2.0,192.68,0.68,545000
681,Residential,1964,2,33901,38.30,12658,1978,52693,3.0,2.0,167.78,0.23,369000
682,Residential,2020,3,44475,40.40,18058,1987,51512,3.0,2.0,185.53,,465000
683,Residential,1977,2,33901,38.30,12658,1978,52693,3.0,2.0,138.98,0.59,314900
684,Residential,2020,3,33901,38.30,12658,1978,52693,4.0,3.0,206.99,,514800
685,Residential,1947,2,34571,43.30,13939,1975,51831,3.0,1.0,104.61,0.26,229900
686,Residential,2013,3,33901,38.30,12658,1978,52693,4.0,2.0,197.14,0.28,549900
687,Residential,2020,3,44475,40.40,18058,1987,51512,3.0,2.0,185.53,,465000
688,Residential,1978,1,44475,40.40,18058,1987,51512,3.0,2.0,159.05,0.15,169900
689,Residential,1990,3,34571,43.30,13939,1975,51831,4.0,2.0,232.26,0.29,539000
690,Residential,2021,3,33901,38.30,12658,1978,52693,4.0,3.0,219.06,,532800
691,Residential,2021,3,33901,38.30,12658,1978,52693,4.0,3.0,219.06,,521800
692,Residential,2021,3,33901,38.30,12658,1978,52693,4.0,3.0,205.13,,479800
693,Residential,1990,3,34571,43.30,13939,1975,51831,3.0,2.0,232.26,,389900
694,Residential,1992,2,34571,43.30,13939,1975,51831,3.0,2.0,147.06,,465000
695,Residential,2020,3,33901,38.30,12658,1978,52693,4.0,3.0,229.65,,550000
696,Residential,1994,2,44475,40.40,18058,1987,51512,3.0,2.0,144.93,,87500
697,Residential,1994,2,44475,40.40,18058,1987,51512,3.0,2.0,121.52,,269000
698,Residential,1981,1,1808,48.80,650,1975,46822,2.0,1.0,90.58,0.25,200000
699,Residential,1976,2,329,57.30,187,1961,41992,3.0,2.0,144.93,0.24,285000
700,Residential,1920,2,329,57.30,187,1961,41992,2.0,2.0,135.92,0.33,339000
701,Residential,1947,1,1808,48.80,650,1975,46822,2.0,2.0,79.15,0.11,225000
702,Lots And Land,2003,3,9647,39.20,4323,1975,42332,3.0,3.0,226.12,273.4,749000
703,Residential,2005,5,29599,34.50,9395,1984,78750,3.0,3.0,163.6,0.07,475000
704,Residential,2003,6,38444,42.10,12979,1992,110761,5.0,4.0,351.91,0.19,839000
705,Residential,1990,3,38444,42.10,12979,1992,110761,4.0,3.0,297.47,0.21,750000
706,Residential,1974,4,30668,37.40,9643,1972,64860,3.0,2.0,108.7,0.12,400000
707,Residential,1974,2,68069,37.80,22429,1985,81586,4.0,3.0,167.13,0.13,500000
708,Residential,2018,3,21854,34.50,6660,1990,78079,3.0,3.0,250.56,0.13,639000
709,Residential,1979,2,21448,45.50,8369,1973,84354,3.0,2.0,127.46,0.04,525000
710,Residential,1984,2,38986,36.30,13505,1976,66633,2.0,2.0,92.72,0.02,340000
711,Residential,1989,7,36792,48.90,15296,1976,76151,4.0,3.0,235.6,0.2,1385000
712,Residential,2014,2,36792,48.90,15296,1976,76151,3.0,3.0,144.09,0.07,945000
713,Residential,1986,2,44103,33.20,15998,1980,66621,2.0,2.0,81.2,0.02,349900
714,Residential,1969,2,38414,40.80,13754,1983,90911,4.0,2.0,174.84,0.16,769000
715,Residential,1987,5,8601,38.60,3229,1983,76497,3.0,3.0,130.9,0.16,610000
716,Residential,1979,4,34558,38.00,12020,1984,62921,3.0,3.0,270.16,,699900
717,Residential,2001,2,32842,37.60,11628,1984,69334,3.0,2.0,163.04,,479000
718,Residential,1995,2,44736,30.80,12408,1983,54405,4.0,2.0,154.22,0.138,355000
719,Residential,1927,2,10942,34.90,3275,1977,57556,3.0,2.0,149.39,0.18,279900
720,Residential,1925,1,40684,33.80,14321,1974,47871,2.0,2.0,142.98,16.05,595000
721,Residential,1916,2,3731,42.10,1290,1973,41250,3.0,1.0,97.73,12.11,349000
722,Residential,1989,3,16442,41.00,6218,1986,50625,3.0,2.0,188.78,9.57,650000
723,Residential,1965,2,28487,42.80,11136,1977,41617,4.0,2.0,179.3,0.19,239000
724,Residential,1985,2,28487,42.80,11136,1977,41617,3.0,2.0,178.93,0.05,289500
725,Residential,1979,2,16228,34.80,5693,1981,43032,3.0,2.0,162.86,2.7,299000
726,Residential,2006,2,16442,41.00,6218,1986,50625,3.0,2.0,156.26,0.14,375000
727,Residential,1926,1,28487,42.80,11136,1977,41617,4.0,1.0,204.38,0.239,245000
728,Residential,2014,2,599,54.00,245,1985,39514,3.0,2.0,147.99,26.45,349900
729,MultiFamily,1926,1,28487,42.80,11136,1977,41617,2.0,1.0,,0.239,245000
730,Residential,2005,3,28487,42.80,11136,1977,41617,4.0,3.0,238.29,0.4,449500
731,Residential,1981,1,578,59.00,330,1979,47500,2.0,2.0,91.97,0.51,319000
732,Residential,1970,1,3955,39.50,1703,1982,42364,3.0,2.0,153.29,0.5,250000
733,Residential,1975,3,578,59.00,330,1979,47500,4.0,2.0,161.65,0.55,449000
734,Residential,2007,3,713,58.80,320,1976,50338,4.0,3.0,278.71,5.16,889000
735,Residential,1981,4,578,59.00,330,1979,47500,2.0,2.0,91.97,0.51,319000
736,Residential,1930,2,182,50.40,70,1968,47500,4.0,2.0,185.8,106.0,699000
737,Residential,1999,3,3955,39.50,1703,1982,42364,3.0,2.0,130.06,20.0,2200000
738,Residential,1985,2,604,59.60,312,1969,0,3.0,1.0,130.06,13.0,599000
739,Residential,1983,2,41031,31.10,13275,1986,54832,2.0,1.0,89.19,0.1,140000
740,Residential,1986,2,73778,29.20,21580,1983,52096,3.0,2.0,126.53,0.18,249900
741,MultiFamily,1982,2,27951,47.60,11877,1979,55676,7.0,6.0,379.04,0.61,525000
742,Residential,1964,2,83782,30.20,17109,1968,61698,3.0,2.0,106.84,,530000
743,Residential,2016,3,23375,33.20,7432,1995,77699,4.0,3.0,210.61,,549000
744,Residential,1979,4,2643,52.90,1109,1984,79152,3.0,2.0,142.6,31.0,369900
745,Residential,2007,2,27728,31.90,8821,1990,52728,3.0,2.0,159.23,0.15,325000
746,Residential,1979,3,2643,52.90,1109,1984,79152,2.0,2.0,178.37,5.01,330000
747,Residential,2019,2,27728,31.90,8821,1990,52728,4.0,2.0,168.15,,369999
748,Residential,1981,1,1182,53.00,539,1974,46995,2.0,2.0,132.94,,285000
